total_exec_time,prop_exec_time,ncalls,sync_io_time,query
00:00:55.158399,57.1%,346,00:00:00,"with f as (
      
-- CTE with sane arg_modes, arg_names, and arg_types.
-- All three are always of the same length.
-- All three include all args, including OUT and TABLE args.
with functions as (
  select
    *,
    -- proargmodes is null when all arg modes are IN
    coalesce(
      p.proargmodes,
      array_fill($1::text, array[cardinality(coalesce(p.proallargtypes, p.proargtypes))])
    ) as arg_modes,
    -- proargnames is null when all args are unnamed
    coalesce(
      p.proargnames,
      array_fill($2::text, array[cardinality(coalesce(p.proallargtypes, p.proargtypes))])
    ) as arg_names,
    -- proallargtypes is null when all arg modes are IN
    coalesce(p.proallargtypes, p.proargtypes) as arg_types,
    array_cat(
      array_fill($3, array[pronargs - pronargdefaults]),
      array_fill($4, array[pronargdefaults])) as arg_has_defaults
  from
    pg_proc as p
  where
    p.prokind = $5
)
select
  f.oid as id,
  n.nspname as schema,
  f.proname as name,
  l.lanname as language,
  case
    when l.lanname = $6 then $7
    else f.prosrc
  end as definition,
  case
    when l.lanname = $8 then f.prosrc
    else pg_get_functiondef(f.oid)
  end as complete_statement,
  coalesce(f_args.args, $9) as args,
  pg_get_function_arguments(f.oid) as argument_types,
  pg_get_function_identity_arguments(f.oid) as identity_argument_types,
  f.prorettype as return_type_id,
  pg_get_function_result(f.oid) as return_type,
  nullif(rt.typrelid, $10) as return_type_relation_id,
  f.proretset as is_set_returning_function,
  case
    when f.provolatile = $11 then $12
    when f.provolatile = $13 then $14
    when f.provolatile = $15 then $16
  end as behavior,
  f.prosecdef as security_definer,
  f_config.config_params as config_params
from
  functions f
  left join pg_namespace n on f.pronamespace = n.oid
  left join pg_language l on f.prolang = l.oid
  left join pg_type rt on rt.oid = f.prorettype
  left join (
    select
      oid,
      jsonb_object_agg(param, value) filter (where param is not null) as config_params
    from
      (
        select
          oid,
          (string_to_array(unnest(proconfig), $17))[$18] as param,
          (string_to_array(unnest(proconfig), $19))[$20] as value
        from
          functions
      ) as t
    group by
      oid
  ) f_config on f_config.oid = f.oid
  left join (
    select
      oid,
      jsonb_agg(jsonb_build_object(
        $21, t2.mode,
        $22, name,
        $23, type_id,
        -- Cast null into false boolean
        $24, COALESCE(has_default, $25)
      )) as args
    from
      (
        select
          oid,
          unnest(arg_modes) as mode,
          unnest(arg_names) as name,
          -- Coming from: coalesce(p.proallargtypes, p.proargtypes) postgres won't automatically assume
          -- integer, we need to cast it to be properly parsed
          unnest(arg_types)::int8 as type_id,
          unnest(arg_has_defaults) as has_default
        from
          functions
      ) as t1,
      lateral (
        select
          case
            when t1.mode = $26 then $27
            when t1.mode = $28 then $29
            when t1.mode = $30 then $31
            when t1.mode = $32 then $33
            else $34
          end as mode
      ) as t2
    group by
      t1.oid
  ) f_args on f_args.oid = f.oid

    )
    select
      f.*
    from f
   where schema NOT IN ($35,$36,$37)

-- source: dashboard
-- user: 19a7cb58-d3e3-4159-8ed6-df4374b62c3d
-- date: 2026-02-08T13:39:59.945Z"
00:00:16.898937,17.5%,411,00:00:00,"SELECT
  e.name,
  n.nspname AS schema,
  e.default_version,
  x.extversion AS installed_version,
  e.comment
FROM
  pg_available_extensions() e(name, default_version, comment)
  LEFT JOIN pg_extension x ON e.name = x.extname
  LEFT JOIN pg_namespace n ON x.extnamespace = n.oid
WHERE
  $1"
00:00:06.404435,6.6%,345,00:00:00,"SELECT
    tbl.schemaname,
    tbl.tablename,
    tbl.quoted_name,
    tbl.is_table,
    json_agg(a) as columns
  FROM
    (
      SELECT
        n.nspname as schemaname,
        c.relname as tablename,
        (quote_ident(n.nspname) || $1 || quote_ident(c.relname)) as quoted_name,
        $2 as is_table
      FROM
        pg_catalog.pg_class c
        JOIN pg_catalog.pg_namespace n ON n.oid = c.relnamespace
      WHERE
        c.relkind = $3
        AND n.nspname not in ($4, $5, $6)
        AND n.nspname not like $7
        AND n.nspname not like $8
        AND has_schema_privilege(n.oid, $9) = $10
        AND has_table_privilege(quote_ident(n.nspname) || $11 || quote_ident(c.relname), $12) = $13
      union all
      SELECT
        n.nspname as schemaname,
        c.relname as tablename,
        (quote_ident(n.nspname) || $14 || quote_ident(c.relname)) as quoted_name,
        $15 as is_table
      FROM
        pg_catalog.pg_class c
        JOIN pg_catalog.pg_namespace n ON n.oid = c.relnamespace
      WHERE
        c.relkind in ($16, $17)
        AND n.nspname not in ($18, $19, $20)
        AND n.nspname not like $21
        AND n.nspname not like $22
        AND has_schema_privilege(n.oid, $23) = $24
        AND has_table_privilege(quote_ident(n.nspname) || $25 || quote_ident(c.relname), $26) = $27
    ) as tbl
    LEFT JOIN (
      SELECT
        attrelid,
        attname,
        format_type(atttypid, atttypmod) as data_type,
        attnum,
        attisdropped
      FROM
        pg_attribute
    ) as a ON (
      a.attrelid = tbl.quoted_name::regclass
      AND a.attnum > $28
      AND NOT a.attisdropped
      AND has_column_privilege(tbl.quoted_name, a.attname, $29)
    )
  
  GROUP BY schemaname, tablename, quoted_name, is_table"
00:00:03.932778,4.1%,347,00:00:00,"CREATE OR REPLACE FUNCTION pg_temp.count_estimate(
    query text
) RETURNS integer LANGUAGE plpgsql AS $$
DECLARE
    plan jsonb;
BEGIN
    EXECUTE 'EXPLAIN (FORMAT JSON)' || query INTO plan;
    RETURN plan->0->'Plan'->'Plan Rows';
END;
$$"
00:00:01.806193,1.9%,463,00:00:00,"-- Adapted from information_schema.schemata

select
  n.oid as id,
  n.nspname as name,
  u.rolname as owner,
   obj_description(n.oid, $1) AS comment
from
  pg_namespace n,
  pg_roles u
where
  n.nspowner = u.oid
  and (
    pg_has_role(n.nspowner, $2)
    or has_schema_privilege(n.oid, $3)
  )
  and not pg_catalog.starts_with(n.nspname, $4)
  and not pg_catalog.starts_with(n.nspname, $5)
 and not (n.nspname in ($6,$7,$8))

-- source: dashboard
-- user: 19a7cb58-d3e3-4159-8ed6-df4374b62c3d
-- date: 2026-02-08T12:50:39.976Z"
00:00:01.656725,1.7%,145,00:00:00,"with base_table_info as ( select c.oid::int8 as id, nc.nspname as schema, c.relname as name, c.relkind, c.relrowsecurity as rls_enabled, c.relforcerowsecurity as rls_forced, c.relreplident, c.relowner, obj_description(c.oid) as comment, fs.srvname as foreign_server_name, fdw.fdwname as foreign_data_wrapper_name, fdw_handler.proname as foreign_data_wrapper_handler from pg_class c join pg_namespace nc on nc.oid = c.relnamespace left join pg_foreign_table ft on ft.ftrelid = c.oid left join pg_foreign_server fs on fs.oid = ft.ftserver left join pg_foreign_data_wrapper fdw on fdw.oid = fs.srvfdw left join pg_proc fdw_handler on fdw.fdwhandler = fdw_handler.oid where c.oid = $1 and not pg_is_other_temp_schema(nc.oid) and ( pg_has_role(c.relowner, $2) or has_table_privilege( c.oid, $3 ) or has_any_column_privilege(c.oid, $4) ) ), table_stats as ( select b.id, case when b.relreplident = $5 then $6 when b.relreplident = $7 then $8 when b.relreplident = $9 then $10 else $11 end as replica_identity, pg_total_relation_size(format($12, b.schema, b.name))::int8 as bytes, pg_size_pretty(pg_total_relation_size(format($13, b.schema, b.name))) as size, pg_stat_get_live_tuples(b.id) as live_rows_estimate, pg_stat_get_dead_tuples(b.id) as dead_rows_estimate from base_table_info b where b.relkind in ($14, $15) ), primary_keys as ( select i.indrelid as table_id, jsonb_agg( jsonb_build_object( $16, n.nspname, $17, c.relname, $18, i.indrelid::int8, $19, a.attname ) order by array_position(i.indkey, a.attnum) ) as primary_keys from pg_index i join pg_class c on i.indrelid = c.oid join pg_namespace n on c.relnamespace = n.oid join pg_attribute a on a.attrelid = c.oid and a.attnum = any(i.indkey) where i.indisprimary group by i.indrelid ), index_cols as ( select i.indrelid as table_id, i.indkey, array_agg( a.attname order by array_position(i.indkey, a.attnum) ) as columns from pg_index i join pg_class c on i.indrelid = c.oid join pg_attribute a on a.attrelid = c.oid and a.attnum = any(i.indkey) where i.indisunique and i.indisprimary = $20 group by i.indrelid, i.indkey ), unique_indexes as ( select ic.table_id, jsonb_agg( jsonb_build_object( $21, n.nspname, $22, c.relname, $23, ic.table_id::int8, $24, ic.columns ) ) as unique_indexes from index_cols ic join pg_class c on c.oid = ic.table_id join pg_namespace n on n.oid = c.relnamespace group by ic.table_id ), relationships as ( select c.conrelid as source_id, c.confrelid as target_id, jsonb_build_object( $25, c.oid::int8, $26, c.conname, $27, c.confdeltype, $28, c.confupdtype, $29, nsa.nspname, $30, csa.relname, $31, sa.attname, $32, nta.nspname, $33, cta.relname, $34, ta.attname ) as rel_info from pg_constraint c join pg_class csa on c.conrelid = csa.oid join pg_namespace nsa on csa.relnamespace = nsa.oid join pg_attribute sa on (sa.attrelid = c.conrelid and sa.attnum = any(c.conkey)) join pg_class cta on c.confrelid = cta.oid join pg_namespace nta on cta.relnamespace = nta.oid join pg_attribute ta on (ta.attrelid = c.confrelid and ta.attnum = any(c.confkey)) where c.contype = $35 ), columns as ( select a.attrelid as table_id, jsonb_agg(jsonb_build_object( $36, (a.attrelid || $37 || a.attnum), $38, c.oid::int8, $39, nc.nspname, $40, c.relname, $41, a.attnum, $42, a.attname, $43, case when a.atthasdef then pg_get_expr(ad.adbin, ad.adrelid) else $44 end, $45, case when t.typtype = $46 then case when bt.typelem <> $47::oid and bt.typlen = $48 then $49 when nbt.nspname = $50 then format_type(t.typbasetype, $51) else $52 end else case when t.typelem <> $53::oid and t.typlen = $54 then $55 when nt.nspname = $56 then format_type(a.atttypid, $57) else $58 end end, $59, case when t.typtype = $60 then case when nt.nspname <> $61 then concat(nt.nspname, $62, coalesce(bt.typname, t.typname)) else coalesce(bt.typname, t.typname) end else coalesce(bt.typname, t.typname) end, $63, a.attidentity in ($64, $65), $66, case a.attidentity when $67 then $68 when $69 then $70 else $71 end, $72, a.attgenerated in ($73), $74, not (a.attnotnull or t.typtype = $75 and t.typnotnull), $76, ( b.relkind in ($77, $78) or (b.relkind in ($79, $80) and pg_column_is_updatable(b.id, a.attnum, $81)) ), $82, uniques.table_id is not null, $83, check_constraints.definition, $84, col_description(c.oid, a.attnum), $85, coalesce( ( select jsonb_agg(e.enumlabel order by e.enumsortorder) from pg_catalog.pg_enum e where e.enumtypid = coalesce(bt.oid, t.oid) or e.enumtypid = coalesce(bt.typelem, t.typelem) ), $86::jsonb ) ) order by a.attnum) as columns from pg_attribute a join base_table_info b on a.attrelid = b.id join pg_class c on a.attrelid = c.oid join pg_namespace nc on c.relnamespace = nc.oid left join pg_attrdef ad on (a.attrelid = ad.adrelid and a.attnum = ad.adnum) join pg_type t on a.atttypid = t.oid join pg_namespace nt on t.typnamespace = nt.oid left join pg_type bt on (t.typtype = $87 and t.typbasetype = bt.oid) left join pg_namespace nbt on bt.typnamespace = nbt.oid left join ( select conrelid as table_id, conkey[$88] as ordinal_position from pg_catalog.pg_constraint where contype = $89 and cardinality(conkey) = $90 group by conrelid, conkey[1] ) as uniques on uniques.table_id = a.attrelid and uniques.ordinal_position = a.attnum left join ( select distinct on (conrelid, conkey[1]) conrelid as table_id, conkey[$91] as ordinal_position, substring( pg_get_constraintdef(oid, $92), $93, length(pg_get_constraintdef(oid, $94)) - $95 ) as definition from pg_constraint where contype = $96 and cardinality(conkey) = $97 order by conrelid, conkey[1], oid asc ) as check_constraints on check_constraints.table_id = a.attrelid and check_constraints.ordinal_position = a.attnum where a.attnum > $98 and not a.attisdropped group by a.attrelid ) select case b.relkind when $99 then jsonb_build_object( $100, b.relkind, $101, b.id, $102, b.schema, $103, b.name, $104, b.rls_enabled, $105, b.rls_forced, $106, ts.replica_identity, $107, ts.bytes, $108, ts.size, $109, ts.live_rows_estimate, $110, ts.dead_rows_estimate, $111, b.comment, $112, coalesce(pk.primary_keys, $113::jsonb), $114, coalesce(ui.unique_indexes, $115::jsonb), $116, coalesce( (select jsonb_agg(r.rel_info) from relationships r where r.source_id = b.id or r.target_id = b.id), $117::jsonb ), $118, coalesce(c.columns, $119::jsonb) ) when $120 then jsonb_build_object( $121, b.relkind, $122, b.id, $123, b.schema, $124, b.name, $125, b.rls_enabled, $126, b.rls_forced, $127, ts.replica_identity, $128, ts.bytes, $129, ts.size, $130, ts.live_rows_estimate, $131, ts.dead_rows_estimate, $132, b.comment, $133, coalesce(pk.primary_keys, $134::jsonb), $135, coalesce(ui.unique_indexes, $136::jsonb), $137, coalesce( (select jsonb_agg(r.rel_info) from relationships r where r.source_id = b.id or r.target_id = b.id), $138::jsonb ), $139, coalesce(c.columns, $140::jsonb) ) when $141 then jsonb_build_object( $142, b.relkind, $143, b.id, $144, b.schema, $145, b.name, $146, (pg_relation_is_updatable(b.id, $147) & $148) = $149, $150, b.comment, $151, coalesce(c.columns, $152::jsonb) ) when $153 then jsonb_build_object( $154, b.relkind, $155, b.id, $156, b.schema, $157, b.name, $158, $159, $160, b.comment, $161, coalesce(c.columns, $162::jsonb) ) when $163 then jsonb_build_object( $164, b.relkind, $165, b.id, $166, b.schema, $167, b.name, $168, b.comment, $169, b.foreign_server_name, $170, b.foreign_data_wrapper_name, $171, b.foreign_data_wrapper_handler, $172, coalesce(c.columns, $173::jsonb) ) end as entity from base_table_info b left join table_stats ts on b.id = ts.id left join primary_keys pk on b.id = pk.table_id left join unique_indexes ui on b.id = ui.table_id left join columns c on b.id = c.table_id"
00:00:01.157262,1.2%,24,00:00:00,"with table_privileges as (
-- Despite the name `table_privileges`, this includes other kinds of relations:
-- views, matviews, etc. ""Relation privileges"" just doesn't roll off the tongue.
--
-- For each relation, get its relacl in a jsonb format,
-- e.g.
--
-- '{postgres=arwdDxt/postgres}'
--
-- becomes
--
-- [
--   {
--     ""grantee"": ""postgres"",
--     ""grantor"": ""postgres"",
--     ""is_grantable"": false,
--     ""privilege_type"": ""INSERT""
--   },
--   ...
-- ]
select
  c.oid as relation_id,
  nc.nspname as schema,
  c.relname as name,
  case
    when c.relkind = $1 then $2
    when c.relkind = $3 then $4
    when c.relkind = $5 then $6
    when c.relkind = $7 then $8
    when c.relkind = $9 then $10
  end as kind,
  coalesce(
    jsonb_agg(
      jsonb_build_object(
        $11, grantor.rolname,
        $12, grantee.rolname,
        $13, _priv.privilege_type,
        $14, _priv.is_grantable
      )
    ) filter (where _priv is not null),
    $15
  ) as privileges
from pg_class c
join pg_namespace as nc
  on nc.oid = c.relnamespace
left join lateral (
  select grantor, grantee, privilege_type, is_grantable
  from aclexplode(coalesce(c.relacl, acldefault($16, c.relowner)))
) as _priv on $17
left join pg_roles as grantor
  on grantor.oid = _priv.grantor
left join (
  select
    pg_roles.oid,
    pg_roles.rolname
  from pg_roles
  union all
  select
    ($18)::oid as oid, $19
) as grantee (oid, rolname)
  on grantee.oid = _priv.grantee
where c.relkind in ($20, $21, $22, $23, $24)
  and not pg_is_other_temp_schema(c.relnamespace)
  and (
    pg_has_role(c.relowner, $25)
    or has_table_privilege(
      c.oid,
      $26
      || case when current_setting($27)::int4 >= $28 then $29 else $30 end
    )
    or has_any_column_privilege(c.oid, $31)
  )
group by
  c.oid,
  nc.nspname,
  c.relname,
  c.relkind
)
select *
from table_privileges
 where schema NOT IN ($32,$33,$34)

-- source: dashboard
-- user: 19a7cb58-d3e3-4159-8ed6-df4374b62c3d
-- date: 2026-02-08T13:48:16.668Z"
00:00:01.083822,1.1%,14,00:00:00,"with tables as (
SELECT
  c.oid :: int8 AS id,
  nc.nspname AS schema,
  c.relname AS name,
  c.relrowsecurity AS rls_enabled,
  c.relforcerowsecurity AS rls_forced,
  CASE
    WHEN c.relreplident = $1 THEN $2
    WHEN c.relreplident = $3 THEN $4
    WHEN c.relreplident = $5 THEN $6
    ELSE $7
  END AS replica_identity,
  pg_total_relation_size(format($8, nc.nspname, c.relname)) :: int8 AS bytes,
  pg_size_pretty(
    pg_total_relation_size(format($9, nc.nspname, c.relname))
  ) AS size,
  pg_stat_get_live_tuples(c.oid) AS live_rows_estimate,
  pg_stat_get_dead_tuples(c.oid) AS dead_rows_estimate,
  obj_description(c.oid) AS comment,
  coalesce(pk.primary_keys, $10) as primary_keys,
  coalesce(
    jsonb_agg(relationships) filter (where relationships is not null),
    $11
  ) as relationships
FROM
  pg_namespace nc
  JOIN pg_class c ON nc.oid = c.relnamespace
  left join (
    select
      c.oid::int8 as table_id,
      jsonb_agg(
        jsonb_build_object(
          $12, c.oid::int8,
          $13, n.nspname,
          $14, c.relname,
          $15, a.attname
        )
        order by array_position(i.indkey, a.attnum)
      ) as primary_keys
    from
      pg_index i
      join pg_class c on i.indrelid = c.oid
      join pg_namespace n on c.relnamespace = n.oid
      join pg_attribute a on a.attrelid = c.oid and a.attnum = any(i.indkey)
    where
      i.indisprimary
    group by c.oid
  ) as pk
  on pk.table_id = c.oid
  left join (
    select
      c.oid :: int8 as id,
      c.conname as constraint_name,
      nsa.nspname as source_schema,
      csa.relname as source_table_name,
      sa.attname as source_column_name,
      nta.nspname as target_table_schema,
      cta.relname as target_table_name,
      ta.attname as target_column_name
    from
      pg_constraint c
    join (
      pg_attribute sa
      join pg_class csa on sa.attrelid = csa.oid
      join pg_namespace nsa on csa.relnamespace = nsa.oid
    ) on sa.attrelid = c.conrelid and sa.attnum = any (c.conkey)
    join (
      pg_attribute ta
      join pg_class cta on ta.attrelid = cta.oid
      join pg_namespace nta on cta.relnamespace = nta.oid
    ) on ta.attrelid = c.confrelid and ta.attnum = any (c.confkey)
    where
      c.contype = $16
  ) as relationships
  on (relationships.source_schema = nc.nspname and relationships.source_table_name = c.relname)
  or (relationships.target_table_schema = nc.nspname and relationships.target_table_name = c.relname)
WHERE
  c.relkind IN ($17, $18)
  AND NOT pg_is_other_temp_schema(nc.oid)
  AND (
    pg_has_role(c.relowner, $19)
    OR has_table_privilege(
      c.oid,
      $20
    )
    OR has_any_column_privilege(c.oid, $21)
  )
group by
  c.oid,
  c.relname,
  c.relrowsecurity,
  c.relforcerowsecurity,
  c.relreplident,
  nc.nspname,
  pk.primary_keys
)
  , columns as (
-- Adapted from information_schema.columns

SELECT
  c.oid :: int8 AS table_id,
  nc.nspname AS schema,
  c.relname AS table,
  (c.oid || $22 || a.attnum) AS id,
  a.attnum AS ordinal_position,
  a.attname AS name,
  CASE
    WHEN a.atthasdef THEN pg_get_expr(ad.adbin, ad.adrelid)
    ELSE $23
  END AS default_value,
  CASE
    WHEN t.typtype = $24 THEN CASE
      WHEN bt.typelem <> $25 :: oid
      AND bt.typlen = $26 THEN $27
      WHEN nbt.nspname = $28 THEN format_type(t.typbasetype, $29)
      ELSE $30
    END
    ELSE CASE
      WHEN t.typelem <> $31 :: oid
      AND t.typlen = $32 THEN $33
      WHEN nt.nspname = $34 THEN format_type(a.atttypid, $35)
      ELSE $36
    END
  END AS data_type,
  COALESCE(bt.typname, t.typname) AS format,
  a.attidentity IN ($37, $38) AS is_identity,
  CASE
    a.attidentity
    WHEN $39 THEN $40
    WHEN $41 THEN $42
    ELSE $43
  END AS identity_generation,
  a.attgenerated IN ($44) AS is_generated,
  NOT (
    a.attnotnull
    OR t.typtype = $45 AND t.typnotnull
  ) AS is_nullable,
  (
    c.relkind IN ($46, $47)
    OR c.relkind IN ($48, $49) AND pg_column_is_updatable(c.oid, a.attnum, $50)
  ) AS is_updatable,
  uniques.table_id IS NOT NULL AS is_unique,
  check_constraints.definition AS ""check"",
  array_to_json(
    array(
      SELECT
        enumlabel
      FROM
        pg_catalog.pg_enum enums
      WHERE
        enums.enumtypid = coalesce(bt.oid, t.oid)
        OR enums.enumtypid = coalesce(bt.typelem, t.typelem)
      ORDER BY
        enums.enumsortorder
    )
  ) AS enums,
  col_description(c.oid, a.attnum) AS comment
FROM
  pg_attribute a
  LEFT JOIN pg_attrdef ad ON a.attrelid = ad.adrelid
  AND a.attnum = ad.adnum
  JOIN (
    pg_class c
    JOIN pg_namespace nc ON c.relnamespace = nc.oid
  ) ON a.attrelid = c.oid
  JOIN (
    pg_type t
    JOIN pg_namespace nt ON t.typnamespace = nt.oid
  ) ON a.atttypid = t.oid
  LEFT JOIN (
    pg_type bt
    JOIN pg_namespace nbt ON bt.typnamespace = nbt.oid
  ) ON t.typtype = $51
  AND t.typbasetype = bt.oid
  LEFT JOIN (
    SELECT DISTINCT ON (table_id, ordinal_position)
      conrelid AS table_id,
      conkey[$52] AS ordinal_position
    FROM pg_catalog.pg_constraint
    WHERE contype = $53 AND cardinality(conkey) = $54
  ) AS uniques ON uniques.table_id = c.oid AND uniques.ordinal_position = a.attnum
  LEFT JOIN (
    -- We only select the first column check
    SELECT DISTINCT ON (table_id, ordinal_position)
      conrelid AS table_id,
      conkey[$55] AS ordinal_position,
      substring(
        pg_get_constraintdef(pg_constraint.oid, $56),
        $57,
        length(pg_get_constraintdef(pg_constraint.oid, $58)) - $59
      ) AS ""definition""
    FROM pg_constraint
    WHERE contype = $60 AND cardinality(conkey) = $61
    ORDER BY table_id, ordinal_position, oid asc
  ) AS check_constraints ON check_constraints.table_id = c.oid AND check_constraints.ordinal_position = a.attnum
WHERE
  NOT pg_is_other_temp_schema(nc.oid)
  AND a.attnum > $62
  AND NOT a.attisdropped
  AND (c.relkind IN ($63, $64, $65, $66, $67))
  AND (
    pg_has_role(c.relowner, $68)
    OR has_column_privilege(
      c.oid,
      a.attnum,
      $69
    )
  )
)
  select
    *
    , 
COALESCE(
  (
    SELECT
      array_agg(row_to_json(columns)) FILTER (WHERE columns.table_id = tables.id)
    FROM
      columns
  ),
  $70
) AS columns
  from tables where name = $71 and schema = $72"
00:00:00.749982,0.8%,53,00:00:00,"with tables as (
SELECT
  c.oid :: int8 AS id,
  nc.nspname AS schema,
  c.relname AS name,
  c.relrowsecurity AS rls_enabled,
  c.relforcerowsecurity AS rls_forced,
  CASE
    WHEN c.relreplident = $1 THEN $2
    WHEN c.relreplident = $3 THEN $4
    WHEN c.relreplident = $5 THEN $6
    ELSE $7
  END AS replica_identity,
  pg_total_relation_size(format($8, nc.nspname, c.relname)) :: int8 AS bytes,
  pg_size_pretty(
    pg_total_relation_size(format($9, nc.nspname, c.relname))
  ) AS size,
  pg_stat_get_live_tuples(c.oid) AS live_rows_estimate,
  pg_stat_get_dead_tuples(c.oid) AS dead_rows_estimate,
  obj_description(c.oid) AS comment,
  coalesce(pk.primary_keys, $10) as primary_keys,
  coalesce(
    jsonb_agg(relationships) filter (where relationships is not null),
    $11
  ) as relationships
FROM
  pg_namespace nc
  JOIN pg_class c ON nc.oid = c.relnamespace
  left join (
    select
      c.oid::int8 as table_id,
      jsonb_agg(
        jsonb_build_object(
          $12, c.oid::int8,
          $13, n.nspname,
          $14, c.relname,
          $15, a.attname
        )
        order by array_position(i.indkey, a.attnum)
      ) as primary_keys
    from
      pg_index i
      join pg_class c on i.indrelid = c.oid
      join pg_namespace n on c.relnamespace = n.oid
      join pg_attribute a on a.attrelid = c.oid and a.attnum = any(i.indkey)
    where
      n.nspname IN ($16) AND
      
      i.indisprimary
    group by c.oid
  ) as pk
  on pk.table_id = c.oid
  left join (
    select
      c.oid :: int8 as id,
      c.conname as constraint_name,
      nsa.nspname as source_schema,
      csa.relname as source_table_name,
      sa.attname as source_column_name,
      nta.nspname as target_table_schema,
      cta.relname as target_table_name,
      ta.attname as target_column_name
    from
      pg_constraint c
    join (
      pg_attribute sa
      join pg_class csa on sa.attrelid = csa.oid
      join pg_namespace nsa on csa.relnamespace = nsa.oid
    ) on sa.attrelid = c.conrelid and sa.attnum = any (c.conkey)
    join (
      pg_attribute ta
      join pg_class cta on ta.attrelid = cta.oid
      join pg_namespace nta on cta.relnamespace = nta.oid
    ) on ta.attrelid = c.confrelid and ta.attnum = any (c.confkey)
    where
      nsa.nspname IN ($17) OR nta.nspname IN ($18) AND
      
      c.contype = $19
  ) as relationships
  on (relationships.source_schema = nc.nspname and relationships.source_table_name = c.relname)
  or (relationships.target_table_schema = nc.nspname and relationships.target_table_name = c.relname)
WHERE
  nc.nspname IN ($20) AND
  
  
  c.relkind IN ($21, $22)
  AND NOT pg_is_other_temp_schema(nc.oid)
  AND (
    pg_has_role(c.relowner, $23)
    OR has_table_privilege(
      c.oid,
      $24
    )
    OR has_any_column_privilege(c.oid, $25)
  )
group by
  c.oid,
  c.relname,
  c.relrowsecurity,
  c.relforcerowsecurity,
  c.relreplident,
  nc.nspname,
  pk.primary_keys


)
  
select
  *
  
from tables"
00:00:00.402559,0.4%,10,00:00:00,"with tables as (
SELECT
  c.oid :: int8 AS id,
  nc.nspname AS schema,
  c.relname AS name,
  c.relrowsecurity AS rls_enabled,
  c.relforcerowsecurity AS rls_forced,
  CASE
    WHEN c.relreplident = $1 THEN $2
    WHEN c.relreplident = $3 THEN $4
    WHEN c.relreplident = $5 THEN $6
    ELSE $7
  END AS replica_identity,
  pg_total_relation_size(format($8, nc.nspname, c.relname)) :: int8 AS bytes,
  pg_size_pretty(
    pg_total_relation_size(format($9, nc.nspname, c.relname))
  ) AS size,
  pg_stat_get_live_tuples(c.oid) AS live_rows_estimate,
  pg_stat_get_dead_tuples(c.oid) AS dead_rows_estimate,
  obj_description(c.oid) AS comment,
  coalesce(pk.primary_keys, $10) as primary_keys,
  coalesce(
    jsonb_agg(relationships) filter (where relationships is not null),
    $11
  ) as relationships
FROM
  pg_namespace nc
  JOIN pg_class c ON nc.oid = c.relnamespace
  left join (
    select
      c.oid::int8 as table_id,
      jsonb_agg(
        jsonb_build_object(
          $12, c.oid::int8,
          $13, n.nspname,
          $14, c.relname,
          $15, a.attname
        )
        order by array_position(i.indkey, a.attnum)
      ) as primary_keys
    from
      pg_index i
      join pg_class c on i.indrelid = c.oid
      join pg_namespace n on c.relnamespace = n.oid
      join pg_attribute a on a.attrelid = c.oid and a.attnum = any(i.indkey)
    where
      n.nspname IN ($16) AND
      
      i.indisprimary
    group by c.oid
  ) as pk
  on pk.table_id = c.oid
  left join (
    select
      c.oid :: int8 as id,
      c.conname as constraint_name,
      nsa.nspname as source_schema,
      csa.relname as source_table_name,
      sa.attname as source_column_name,
      nta.nspname as target_table_schema,
      cta.relname as target_table_name,
      ta.attname as target_column_name
    from
      pg_constraint c
    join (
      pg_attribute sa
      join pg_class csa on sa.attrelid = csa.oid
      join pg_namespace nsa on csa.relnamespace = nsa.oid
    ) on sa.attrelid = c.conrelid and sa.attnum = any (c.conkey)
    join (
      pg_attribute ta
      join pg_class cta on ta.attrelid = cta.oid
      join pg_namespace nta on cta.relnamespace = nta.oid
    ) on ta.attrelid = c.confrelid and ta.attnum = any (c.confkey)
    where
      nsa.nspname IN ($17) OR nta.nspname IN ($18) AND
      
      c.contype = $19
  ) as relationships
  on (relationships.source_schema = nc.nspname and relationships.source_table_name = c.relname)
  or (relationships.target_table_schema = nc.nspname and relationships.target_table_name = c.relname)
WHERE
  nc.nspname IN ($20) AND
  
  
  c.relkind IN ($21, $22)
  AND NOT pg_is_other_temp_schema(nc.oid)
  AND (
    pg_has_role(c.relowner, $23)
    OR has_table_privilege(
      c.oid,
      $24
    )
    OR has_any_column_privilege(c.oid, $25)
  )
group by
  c.oid,
  c.relname,
  c.relrowsecurity,
  c.relforcerowsecurity,
  c.relreplident,
  nc.nspname,
  pk.primary_keys


)
  , columns as (
-- Adapted from information_schema.columns

SELECT
  c.oid :: int8 AS table_id,
  nc.nspname AS schema,
  c.relname AS table,
  (c.oid || $26 || a.attnum) AS id,
  a.attnum AS ordinal_position,
  a.attname AS name,
  CASE
    WHEN a.atthasdef THEN pg_get_expr(ad.adbin, ad.adrelid)
    ELSE $27
  END AS default_value,
  CASE
    WHEN t.typtype = $28 THEN CASE
      WHEN bt.typelem <> $29 :: oid
      AND bt.typlen = $30 THEN $31
      WHEN nbt.nspname = $32 THEN format_type(t.typbasetype, $33)
      ELSE $34
    END
    ELSE CASE
      WHEN t.typelem <> $35 :: oid
      AND t.typlen = $36 THEN $37
      WHEN nt.nspname = $38 THEN format_type(a.atttypid, $39)
      ELSE $40
    END
  END AS data_type,
  COALESCE(bt.typname, t.typname) AS format,
  a.attidentity IN ($41, $42) AS is_identity,
  CASE
    a.attidentity
    WHEN $43 THEN $44
    WHEN $45 THEN $46
    ELSE $47
  END AS identity_generation,
  a.attgenerated IN ($48) AS is_generated,
  NOT (
    a.attnotnull
    OR t.typtype = $49 AND t.typnotnull
  ) AS is_nullable,
  (
    c.relkind IN ($50, $51)
    OR c.relkind IN ($52, $53) AND pg_column_is_updatable(c.oid, a.attnum, $54)
  ) AS is_updatable,
  uniques.table_id IS NOT NULL AS is_unique,
  check_constraints.definition AS ""check"",
  array_to_json(
    array(
      SELECT
        enumlabel
      FROM
        pg_catalog.pg_enum enums
      WHERE
        enums.enumtypid = coalesce(bt.oid, t.oid)
        OR enums.enumtypid = coalesce(bt.typelem, t.typelem)
      ORDER BY
        enums.enumsortorder
    )
  ) AS enums,
  col_description(c.oid, a.attnum) AS comment
FROM
  pg_attribute a
  LEFT JOIN pg_attrdef ad ON a.attrelid = ad.adrelid
  AND a.attnum = ad.adnum
  JOIN (
    pg_class c
    JOIN pg_namespace nc ON c.relnamespace = nc.oid
  ) ON a.attrelid = c.oid
  JOIN (
    pg_type t
    JOIN pg_namespace nt ON t.typnamespace = nt.oid
  ) ON a.atttypid = t.oid
  LEFT JOIN (
    pg_type bt
    JOIN pg_namespace nbt ON bt.typnamespace = nbt.oid
  ) ON t.typtype = $55
  AND t.typbasetype = bt.oid
  LEFT JOIN (
    SELECT DISTINCT ON (table_id, ordinal_position)
      conrelid AS table_id,
      conkey[$56] AS ordinal_position
    FROM pg_catalog.pg_constraint
    WHERE contype = $57 AND cardinality(conkey) = $58
  ) AS uniques ON uniques.table_id = c.oid AND uniques.ordinal_position = a.attnum
  LEFT JOIN (
    -- We only select the first column check
    SELECT DISTINCT ON (table_id, ordinal_position)
      conrelid AS table_id,
      conkey[$59] AS ordinal_position,
      substring(
        pg_get_constraintdef(pg_constraint.oid, $60),
        $61,
        length(pg_get_constraintdef(pg_constraint.oid, $62)) - $63
      ) AS ""definition""
    FROM pg_constraint
    WHERE contype = $64 AND cardinality(conkey) = $65
    ORDER BY table_id, ordinal_position, oid asc
  ) AS check_constraints ON check_constraints.table_id = c.oid AND check_constraints.ordinal_position = a.attnum
WHERE
  nc.nspname IN ($66) AND
  
  
  
  
  NOT pg_is_other_temp_schema(nc.oid)
  AND a.attnum > $67
  AND NOT a.attisdropped
  AND (c.relkind IN ($68, $69, $70, $71, $72))
  AND (
    pg_has_role(c.relowner, $73)
    OR has_column_privilege(
      c.oid,
      a.attnum,
      $74
    )
  )


)
select
  *
  , 
COALESCE(
  (
    SELECT
      array_agg(row_to_json(columns)) FILTER (WHERE columns.table_id = tables.id)
    FROM
      columns
  ),
  $75
) AS columns
from tables"
